turbine_id,model,horizon,mae,rmse
1,catboost,1,0.1879455659509755,0.2131410270111761
1,catboost,2,0.19088810259303607,0.2145489299945803
1,catboost,3,0.20946807040912063,0.23278529627729433
1,catboost,4,0.24221810331762972,0.2796913420416988
1,catboost,5,0.24333504566644346,0.2793506551562041
1,catboost,6,0.2801053265695767,0.31781910549278136
1,catboost,7,0.3049216409325381,0.3368982554649996
1,catboost,8,0.30670736870214615,0.3353260432190906
1,catboost,9,0.28574724922866906,0.3193913047798459
1,catboost,10,0.31732977406235013,0.3486810253776866
1,catboost,11,0.34376794766440744,0.3699210274683779
1,catboost,12,0.34659013655634285,0.3791442431014521
1,catboost,13,0.3605166237887808,0.386560303203301
1,catboost,14,0.3628285711427463,0.38629615400644096
1,catboost,15,0.35403705866800844,0.38247643117863883
1,catboost,16,0.351083634603347,0.3799319902617303
1,catboost,17,0.34036126144392115,0.3749402715466618
1,catboost,18,0.3196760357784605,0.3663154618278006
1,catboost,19,0.2713118333141155,0.32746378574600704
1,catboost,20,0.3198622471408912,0.3547489888895917
1,catboost,21,0.3008381686934966,0.3438751020244631
1,catboost,22,0.3018293669829653,0.34035092441723747
1,catboost,23,0.2987740804886575,0.34662302977720977
1,catboost,24,0.3313642306395677,0.37389012333383465
1,catboost,25,0.3202235390819669,0.35958358926647094
1,catboost,26,0.3185536481001611,0.3484535305976733
1,catboost,27,0.3036055563112692,0.3419346855880435
1,catboost,28,0.3238477476932264,0.35801447566838945
1,catboost,29,0.30195361675776705,0.3330922157687255
1,catboost,30,0.3102490561778658,0.3478285690426893
1,catboost,31,0.32852922842917576,0.3526076030249858
1,catboost,32,0.3227392107474924,0.35123445741496995
1,catboost,33,0.301378395460785,0.3390469468353329
1,catboost,34,0.3328917990417977,0.3624388881545434
1,catboost,35,0.369203441423768,0.3946257317014857
1,catboost,36,0.3599432059227588,0.3933847113940598
1,catboost,37,0.36763233772117493,0.3959092392528709
1,catboost,38,0.3734386286239248,0.39668865713180695
1,catboost,39,0.3575530257789818,0.3874848710278854
1,catboost,40,0.35358133340180226,0.3838922238583783
1,catboost,41,0.3455931067327765,0.37981813272271064
1,catboost,42,0.32159156314019843,0.36875788281819716
1,catboost,43,0.271911614861991,0.32769025230437643
1,catboost,44,0.31698615107845407,0.35156272542351424
1,catboost,45,0.2854363626556928,0.3313854039850161
1,catboost,46,0.2991895963328241,0.3381926475925225
1,catboost,47,0.29449030981539204,0.3428295772112733
1,catboost,48,0.31994298361825035,0.3630009547403419
1,catboost_direct,1,0.10154010286806285,0.15397070297877236
1,catboost_direct,2,0.13504532412119097,0.18113794616089493
1,catboost_direct,3,0.17308754503708917,0.22574920038437257
1,catboost_direct,4,0.21762273583967434,0.27193888381354264
1,catboost_direct,5,0.23151132401460747,0.27696962584318296
1,catboost_direct,6,0.24336855094603418,0.3030332110974802
1,catboost_direct,7,0.28937632132328167,0.328876823148151
1,catboost_direct,8,0.29196052922736315,0.32899819092740873
1,catboost_direct,9,0.27112897725601204,0.30832352498807325
1,catboost_direct,10,0.30418537707128823,0.3385206734702831
1,catboost_direct,11,0.3200154895055307,0.35194007929308946
1,catboost_direct,12,0.3200031347644068,0.36069325427230725
1,catboost_direct,13,0.35472785623896697,0.37600928618780616
1,catboost_direct,14,0.359101234397689,0.38200783086934187
1,catboost_direct,15,0.3523612657840865,0.3814193983871941
1,catboost_direct,16,0.34434718586170004,0.38428383882324685
1,catboost_direct,17,0.328019279386559,0.37256179992649496
1,catboost_direct,18,0.3216598053321228,0.36724087003781
1,catboost_direct,19,0.2779257680915875,0.32793604706645274
1,catboost_direct,20,0.3114725830626492,0.34372866603059904
1,catboost_direct,21,0.31140192687031176,0.3514114219870596
1,catboost_direct,22,0.30220759750246756,0.3417978655671274
1,catboost_direct,23,0.29150928255270564,0.3432569788267593
1,catboost_direct,24,0.32397985102492843,0.3712423190520817
1,catboost_direct,25,0.32292744364697273,0.3618659535630952
1,catboost_direct,26,0.3059825991346198,0.3409251420226277
1,catboost_direct,27,0.3026599335446462,0.3521659907598484
1,catboost_direct,28,0.3195579957277469,0.35785403124585785
1,catboost_direct,29,0.2941992771942486,0.3289436520133413
1,catboost_direct,30,0.30050069325220174,0.3339804245398854
1,catboost_direct,31,0.31743750440947427,0.33823271997742416
1,catboost_direct,32,0.31309638419280167,0.3434283522145352
1,catboost_direct,33,0.30345828366940886,0.3414823176289228
1,catboost_direct,34,0.33399585788712727,0.36144100997877465
1,catboost_direct,35,0.3627657280006418,0.38829650216009726
1,catboost_direct,36,0.3612126825473994,0.38936295174098334
1,catboost_direct,37,0.36459066542359564,0.4016637367106047
1,catboost_direct,38,0.3693599916403799,0.39498302390939966
1,catboost_direct,39,0.3589404957052436,0.3877409155440042
1,catboost_direct,40,0.34066250693413447,0.3733279394949071
1,catboost_direct,41,0.3356439424249169,0.37241092199931497
1,catboost_direct,42,0.3161095538690598,0.3612592449338389
1,catboost_direct,43,0.27375017449779665,0.3255436661194182
1,catboost_direct,44,0.31748071150122786,0.3500239204380728
1,catboost_direct,45,0.289255684189931,0.3356052954251967
1,catboost_direct,46,0.29036241661242335,0.3320392531608963
1,catboost_direct,47,0.2817664920366675,0.3315417943855502
1,catboost_direct,48,0.31534287261881755,0.3565637031529993
1,catboost_direct_missing,1,0.10088918189334131,0.1550847748120802
1,catboost_direct_missing,2,0.12865290956112474,0.18054632185470781
1,catboost_direct_missing,3,0.17373568980593385,0.23292581445847993
1,catboost_direct_missing,4,0.21198224241311261,0.2737915585981191
1,catboost_direct_missing,5,0.2262072990864152,0.2843724609411681
1,catboost_direct_missing,6,0.24315287128188295,0.3013028010846957
1,catboost_direct_missing,7,0.29110227120233084,0.3279326950692603
1,catboost_direct_missing,8,0.29860472659597953,0.3367085953654296
1,catboost_direct_missing,9,0.27973168642525736,0.3167651754537446
1,catboost_direct_missing,10,0.29648405963670404,0.331339353181799
1,catboost_direct_missing,11,0.32130588870209265,0.3558010412692917
1,catboost_direct_missing,12,0.3290144468442383,0.36723549399268224
1,catboost_direct_missing,13,0.362457417446051,0.38326768862891425
1,catboost_direct_missing,14,0.36684072373725746,0.39035844726950286
1,catboost_direct_missing,15,0.3603688626073153,0.38864770136754495
1,catboost_direct_missing,16,0.3460643245550526,0.3827977963663857
1,catboost_direct_missing,17,0.3545812038221173,0.3917877031460363
1,catboost_direct_missing,18,0.3201611801073861,0.3641189803712971
1,catboost_direct_missing,19,0.27451318841433564,0.3307424485567009
1,catboost_direct_missing,20,0.3315030921007208,0.3640057343337918
1,catboost_direct_missing,21,0.3049946167097425,0.34521627125902743
1,catboost_direct_missing,22,0.2962098301746871,0.33588633900314263
1,catboost_direct_missing,23,0.29166849667496036,0.3396434906937532
1,catboost_direct_missing,24,0.31802805823369046,0.36311836423948574
1,catboost_direct_missing,25,0.32330078600130224,0.3626428640186422
1,catboost_direct_missing,26,0.31376038577465104,0.3501422604338315
1,catboost_direct_missing,27,0.29519300287274974,0.34536540237092844
1,catboost_direct_missing,28,0.324239399686821,0.3658259594554143
1,catboost_direct_missing,29,0.29706888199034615,0.3287024331361687
1,catboost_direct_missing,30,0.307436806892193,0.3449131353356951
1,catboost_direct_missing,31,0.33192374553673887,0.3522309043269504
1,catboost_direct_missing,32,0.3160786344063403,0.3475277529499044
1,catboost_direct_missing,33,0.30302489564935936,0.3399731538350259
1,catboost_direct_missing,34,0.3289906346460979,0.3577953667119418
1,catboost_direct_missing,35,0.3613893964203567,0.3889236719875569
1,catboost_direct_missing,36,0.36363162672024585,0.3913934220728263
1,catboost_direct_missing,37,0.36738111928363876,0.3974666901136957
1,catboost_direct_missing,38,0.3815181063894267,0.40758758501832515
1,catboost_direct_missing,39,0.3583829215662059,0.38885690394098066
1,catboost_direct_missing,40,0.3410913470946831,0.37558427109609405
1,catboost_direct_missing,41,0.341358787701236,0.3740634198564557
1,catboost_direct_missing,42,0.31701732546460754,0.3598088846850006
1,catboost_direct_missing,43,0.27906098715282107,0.33060438583523616
1,catboost_direct_missing,44,0.3173548741497199,0.3491878798589991
1,catboost_direct_missing,45,0.2870281339337631,0.32909399047612864
1,catboost_direct_missing,46,0.2952509393822182,0.33560849005223686
1,catboost_direct_missing,47,0.27881480393688524,0.3290697923616442
1,catboost_direct_missing,48,0.30852822092972393,0.3584494023287416
1,context_mean,1,0.30538326719576714,0.36128280684517095
1,context_mean,2,0.2978693783068783,0.3476013736086547
1,context_mean,3,0.27849173280423284,0.3314321257147345
1,context_mean,4,0.3136881613756614,0.3592972865344106
1,context_mean,5,0.28163260582010585,0.3241345021322821
1,context_mean,6,0.2955922619047619,0.3346936706335164
1,context_mean,7,0.2973806216931216,0.3277887420628715
1,context_mean,8,0.2787807539682539,0.3201693290088457
1,context_mean,9,0.2603455687830688,0.31733163401831355
1,context_mean,10,0.30050496031746027,0.3497048481328782
1,context_mean,11,0.3067040343915345,0.35653524007112913
1,context_mean,12,0.3032027116402116,0.3551354331990255
1,context_mean,13,0.3205446428571429,0.36294970097421086
1,context_mean,14,0.3235400132275133,0.3725260143678984
1,context_mean,15,0.3082119708994709,0.3728929942660747
1,context_mean,16,0.2998720238095239,0.37539740081855316
1,context_mean,17,0.3149996693121694,0.3801687522539898
1,context_mean,18,0.30985019841269845,0.3776898674977412
1,context_mean,19,0.2846564153439154,0.33932430522218376
1,context_mean,20,0.3083964947089947,0.3532011594975673
1,context_mean,21,0.2743693783068783,0.3449699744568725
1,context_mean,22,0.2822179232804232,0.3422659552373238
1,context_mean,23,0.2626306216931217,0.34115279266287446
1,context_mean,24,0.30374107142857143,0.35995815451716967
1,context_mean,25,0.3044685846560847,0.3626307551516968
1,context_mean,26,0.30507969576719574,0.3527605635543376
1,context_mean,27,0.28217493386243386,0.3332785285447362
1,context_mean,28,0.31038723544973545,0.35204592063315715
1,context_mean,29,0.27999834656084654,0.3164832415520619
1,context_mean,30,0.290426917989418,0.3256948950629612
1,context_mean,31,0.28932771164021165,0.3178981099674343
1,context_mean,32,0.27549503968253963,0.31336108840241633
1,context_mean,33,0.263786044973545,0.315767760969362
1,context_mean,34,0.2993416005291006,0.34977002363264076
1,context_mean,35,0.32003869047619043,0.3707730730848008
1,context_mean,36,0.3091703042328042,0.3616275485828744
1,context_mean,37,0.3184037698412699,0.36163534869872815
1,context_mean,38,0.31889186507936507,0.37001618813896253
1,context_mean,39,0.30349305555555556,0.36548759407799797
1,context_mean,40,0.29710548941798953,0.36753890181012766
1,context_mean,41,0.31419874338624343,0.3723003527759918
1,context_mean,42,0.3072992724867725,0.3668774838702358
1,context_mean,43,0.27563921957671955,0.3299776039723546
1,context_mean,44,0.3032926587301587,0.34945235844858186
1,context_mean,45,0.25628141534391535,0.3322379584793902
1,context_mean,46,0.27810813492063496,0.33622414764063185
1,context_mean,47,0.26174834656084656,0.3375460968400357
1,context_mean,48,0.29048908730158723,0.35106900677558794
1,persistence,1,0.10033333333333333,0.1623667544879892
1,persistence,2,0.12983333333333336,0.19761143129327766
1,persistence,3,0.15572222222222223,0.24989534846648345
1,persistence,4,0.1866111111111111,0.30054657000328705
1,persistence,5,0.21333333333333335,0.3314639246333352
1,persistence,6,0.23511111111111102,0.37247222118643364
1,persistence,7,0.2786666666666667,0.41773995100620515
1,persistence,8,0.28205555555555545,0.41867416394561
1,persistence,9,0.2839999999999999,0.398741306650853
1,persistence,10,0.29488888888888887,0.41917069801463225
1,persistence,11,0.3039444444444444,0.43967801771211995
1,persistence,12,0.32161111111111107,0.4617187094613632
1,persistence,13,0.34538888888888886,0.48063682678219666
1,persistence,14,0.3773333333333333,0.5093710719003277
1,persistence,15,0.3760555555555556,0.5107270598173056
1,persistence,16,0.3766666666666667,0.5079092949059427
1,persistence,17,0.35111111111111115,0.4954010720842479
1,persistence,18,0.3676666666666667,0.5023229372956538
1,persistence,19,0.38166666666666665,0.5005147350478305
1,persistence,20,0.39872222222222226,0.5177806091958825
1,persistence,21,0.4316111111111112,0.5491403214048234
1,persistence,22,0.40950000000000003,0.5406516130251223
1,persistence,23,0.3917222222222222,0.5177469888318468
1,persistence,24,0.4100555555555555,0.5260206128900132
1,persistence,25,0.4218888888888889,0.5480455171688652
1,persistence,26,0.41350000000000003,0.5427127505685025
1,persistence,27,0.3996111111111112,0.5175640057036425
1,persistence,28,0.40977777777777785,0.5194291738694186
1,persistence,29,0.37694444444444447,0.5072988563259626
1,persistence,30,0.36811111111111117,0.49182125629963186
1,persistence,31,0.3647222222222223,0.49098606376842796
1,persistence,32,0.3555,0.4710664614585835
1,persistence,33,0.3403333333333333,0.4359398106602774
1,persistence,34,0.34088888888888896,0.443305972422192
1,persistence,35,0.32883333333333326,0.44093996819924997
1,persistence,36,0.3010555555555555,0.4181700655280142
1,persistence,37,0.31699999999999995,0.42931728748483133
1,persistence,38,0.33222222222222225,0.45022093341923686
1,persistence,39,0.33272222222222225,0.444783655275236
1,persistence,40,0.3477222222222222,0.4529973223696517
1,persistence,41,0.35594444444444445,0.460796914373671
1,persistence,42,0.3587777777777778,0.46231062188869415
1,persistence,43,0.35144444444444445,0.43140446777335867
1,persistence,44,0.3236666666666667,0.4123114608408803
1,persistence,45,0.3667777777777778,0.4592542263762463
1,persistence,46,0.38805555555555554,0.4930454302559717
1,persistence,47,0.3732777777777778,0.4793119103542154
1,persistence,48,0.38350000000000006,0.48981222781645467
1,sarimax,1,0.10681604311132799,0.1538144597056517
1,sarimax,2,0.13553542136564947,0.17813461944363532
1,sarimax,3,0.17422113044283832,0.2192049543795017
1,sarimax,4,0.2084927891147642,0.2697819950829992
1,sarimax,5,0.21733233967014526,0.2771888834683628
1,sarimax,6,0.24853948327550276,0.3098326853067414
1,sarimax,7,0.2809392571536686,0.3384474969654218
1,sarimax,8,0.2881212565424874,0.3371257322999741
1,sarimax,9,0.28306545574862557,0.32002352030717524
1,sarimax,10,0.30470685343029846,0.3442045472383263
1,sarimax,11,0.3287247293965552,0.36695941311893177
1,sarimax,12,0.3333151317113027,0.3770836098711794
1,sarimax,13,0.3591423459518122,0.3858731870948214
1,sarimax,14,0.36066801954865374,0.3903858183509292
1,sarimax,15,0.3559222106805006,0.38593857987574076
1,sarimax,16,0.354375061140255,0.38541135565304574
1,sarimax,17,0.3358057933518396,0.377852552305842
1,sarimax,18,0.3267389844808461,0.37207481946075177
1,sarimax,19,0.2762602211322546,0.33709322835713784
1,sarimax,20,0.31725016665863376,0.35487555954473815
1,sarimax,21,0.3080436951653596,0.3479025338472878
1,sarimax,22,0.30419268153861545,0.3463615660522468
1,sarimax,23,0.3041160054692068,0.3441378398903623
1,sarimax,24,0.3270702176907605,0.36639809640417426
1,sarimax,25,0.31302123807107485,0.35138526306825807
1,sarimax,26,0.30952505910308886,0.3406756007007002
1,sarimax,27,0.2914511648497402,0.3333253241661094
1,sarimax,28,0.3143571382938418,0.346725226100934
1,sarimax,29,0.29506523976603444,0.3241398470790509
1,sarimax,30,0.29694043598167785,0.3370260129270629
1,sarimax,31,0.32565249997418083,0.3474700650496288
1,sarimax,32,0.31847721421848063,0.3495393993685824
1,sarimax,33,0.30787819780767683,0.3438715909131322
1,sarimax,34,0.33979220342829997,0.36616862356626734
1,sarimax,35,0.37739160989306886,0.39552663628150864
1,sarimax,36,0.3621886836059559,0.39291705457471565
1,sarimax,37,0.37178880476639037,0.39277477973474284
1,sarimax,38,0.3704745247963504,0.3902362840335408
1,sarimax,39,0.3608728389719213,0.3808893788820274
1,sarimax,40,0.3580788322213055,0.38165145544640977
1,sarimax,41,0.3463537270814518,0.3760704123794454
1,sarimax,42,0.32733861886394944,0.3668623984275918
1,sarimax,43,0.27506888405097085,0.3276831099385164
1,sarimax,44,0.3115066729809394,0.3459315547428651
1,sarimax,45,0.29087654819597136,0.33005998838797324
1,sarimax,46,0.29757049689015813,0.33978623723113854
1,sarimax,47,0.302126278573955,0.34093628603048143
1,sarimax,48,0.32311987702538986,0.35799882285941337
1,sarimax_direct_missing,1,0.10687122990545371,0.15360738920802994
1,sarimax_direct_missing,2,0.135336802695739,0.17762642775918705
1,sarimax_direct_missing,3,0.17401046892031247,0.2184036899224336
1,sarimax_direct_missing,4,0.20880073884540568,0.26945779011706267
1,sarimax_direct_missing,5,0.2157483948891166,0.2756075954318665
1,sarimax_direct_missing,6,0.24754444401348366,0.30803154573968433
1,sarimax_direct_missing,7,0.2792767791510223,0.3351218888429845
1,sarimax_direct_missing,8,0.2849445416463403,0.3335395832178564
1,sarimax_direct_missing,9,0.279925923611749,0.31722380637205383
1,sarimax_direct_missing,10,0.30244543242413197,0.34180657187701047
1,sarimax_direct_missing,11,0.32648240415096585,0.364503381805705
1,sarimax_direct_missing,12,0.33013717695812717,0.3742735872513302
1,sarimax_direct_missing,13,0.3571088530936673,0.3833019027992217
1,sarimax_direct_missing,14,0.35902028278194004,0.3881625208321242
1,sarimax_direct_missing,15,0.35395425307350564,0.3839248799431076
1,sarimax_direct_missing,16,0.3523730461200479,0.38345265544482615
1,sarimax_direct_missing,17,0.33508073324439075,0.3764279841640362
1,sarimax_direct_missing,18,0.3250359000056727,0.3705757600434402
1,sarimax_direct_missing,19,0.27478433146439346,0.3350771942610946
1,sarimax_direct_missing,20,0.31595635521191884,0.3531099520137093
1,sarimax_direct_missing,21,0.3062970476096523,0.3458603524728016
1,sarimax_direct_missing,22,0.30098469519466736,0.3437995840493041
1,sarimax_direct_missing,23,0.30073088494695127,0.3420314596080155
1,sarimax_direct_missing,24,0.324166349977277,0.3645723401054775
1,sarimax_direct_missing,25,0.3097436946271405,0.349038887218189
1,sarimax_direct_missing,26,0.3060710896725764,0.3378528288067842
1,sarimax_direct_missing,27,0.2881368580116824,0.330250004631643
1,sarimax_direct_missing,28,0.3119421344176335,0.3442410843671168
1,sarimax_direct_missing,29,0.2913763002854221,0.3199928310326202
1,sarimax_direct_missing,30,0.2936089301507775,0.3330712215358032
1,sarimax_direct_missing,31,0.3198971577974036,0.34167992065275915
1,sarimax_direct_missing,32,0.3130695666243468,0.34403115262826317
1,sarimax_direct_missing,33,0.3038672426702409,0.33975777287767245
1,sarimax_direct_missing,34,0.33566344819103494,0.36270719772165766
1,sarimax_direct_missing,35,0.37305927927030036,0.39261332699898455
1,sarimax_direct_missing,36,0.3588581261194935,0.38994401063277473
1,sarimax_direct_missing,37,0.3690041917599191,0.39024714355101964
1,sarimax_direct_missing,38,0.3684048641658782,0.3886051558916698
1,sarimax_direct_missing,39,0.3584798538846081,0.3794601008069665
1,sarimax_direct_missing,40,0.3557117640941902,0.3801273889130398
1,sarimax_direct_missing,41,0.34501537359170853,0.374931955644506
1,sarimax_direct_missing,42,0.3259360427659006,0.3657389688793791
1,sarimax_direct_missing,43,0.2732506032008716,0.32642396199818446
1,sarimax_direct_missing,44,0.3107507314482796,0.3450410633369928
1,sarimax_direct_missing,45,0.28938594349148156,0.32875509761602933
1,sarimax_direct_missing,46,0.2953570499355854,0.33736406164310523
1,sarimax_direct_missing,47,0.2984644292595258,0.33870433053033067
1,sarimax_direct_missing,48,0.31919922850766047,0.3561577561607936
2,catboost,1,0.19608012987881604,0.22361415843825241
2,catboost,2,0.1943039400765662,0.22201165721830177
2,catboost,3,0.21731657105261676,0.24082989910999233
2,catboost,4,0.23641383533798124,0.2792790467035622
2,catboost,5,0.2416147472369383,0.28527688004377205
2,catboost,6,0.2861401407565409,0.32439568508343447
2,catboost,7,0.3060648630800418,0.33863166892481034
2,catboost,8,0.297438442096789,0.33074029942211647
2,catboost,9,0.27846723156438685,0.3130344187357484
2,catboost,10,0.3148879706347536,0.34364960225705726
2,catboost,11,0.33098814126554904,0.3577336628099123
2,catboost,12,0.34600561219093834,0.38059946896004154
2,catboost,13,0.3585960517336359,0.38375080326315925
2,catboost,14,0.36935187597668623,0.39357067753965347
2,catboost,15,0.3549390743772002,0.38775100845834626
2,catboost,16,0.3482438034100242,0.3870712857821939
2,catboost,17,0.34670710598431287,0.3872601122657883
2,catboost,18,0.32513567072755833,0.3768905185193188
2,catboost,19,0.293455244412961,0.3443229567619892
2,catboost,20,0.3420572150739217,0.3763359465267421
2,catboost,21,0.31074071287639227,0.3519459901878035
2,catboost,22,0.3057393324004714,0.3460017422884186
2,catboost,23,0.3069486560236931,0.3554826767803535
2,catboost,24,0.3255839079034574,0.3716438273320708
2,catboost,25,0.3196754960208847,0.35840815560613987
2,catboost,26,0.30790282981908207,0.34382691471330207
2,catboost,27,0.29471086173784317,0.3332307901172969
2,catboost,28,0.3114225728400132,0.34298302845373824
2,catboost,29,0.295528855029607,0.319984374984229
2,catboost,30,0.2969777319539543,0.3351214151604518
2,catboost,31,0.3158395007849514,0.3374079633041966
2,catboost,32,0.30158902630115547,0.33333304502988587
2,catboost,33,0.29142155284746757,0.3288911574756824
2,catboost,34,0.3340554903393861,0.3610104052374391
2,catboost,35,0.35064794817793926,0.3798219536643044
2,catboost,36,0.35672230770588154,0.3909393040380848
2,catboost,37,0.3655397337008429,0.3936799110713944
2,catboost,38,0.3783181887572795,0.4030746513677247
2,catboost,39,0.3571641278604259,0.3912808155296651
2,catboost,40,0.35035819510464355,0.389819628452081
2,catboost,41,0.3540703911657067,0.39431397451184547
2,catboost,42,0.3310371152424802,0.38001327064724694
2,catboost,43,0.29715045548643804,0.3474496540589016
2,catboost,44,0.3443388321846434,0.3806647373692603
2,catboost,45,0.29419024487062617,0.34283184664472205
2,catboost,46,0.3024778315097628,0.34621816634077
2,catboost,47,0.30374118806185085,0.3556930180291506
2,catboost,48,0.3160079075545083,0.36403260833330925
2,catboost_direct,1,0.09725831532265408,0.15527483457524693
2,catboost_direct,2,0.14282856778434275,0.19130222607307729
2,catboost_direct,3,0.1927940826828303,0.25294492233879207
2,catboost_direct,4,0.2144188586853809,0.27756150988817496
2,catboost_direct,5,0.23810983489702026,0.28091124936682643
2,catboost_direct,6,0.24650618451040088,0.307275739208514
2,catboost_direct,7,0.29364031315328226,0.33270977845882865
2,catboost_direct,8,0.2938810387273537,0.330942621686808
2,catboost_direct,9,0.2592868915483069,0.29982419171741953
2,catboost_direct,10,0.2966437232205392,0.33219716206217315
2,catboost_direct,11,0.30068225557333644,0.33274772430362975
2,catboost_direct,12,0.3221643147705631,0.3615175665655103
2,catboost_direct,13,0.3520278138158498,0.37550933624825134
2,catboost_direct,14,0.3584417392988136,0.38095066187909915
2,catboost_direct,15,0.343653094214316,0.379135157834908
2,catboost_direct,16,0.3340104074423547,0.3761841731991307
2,catboost_direct,17,0.3298766733144934,0.3711444898841686
2,catboost_direct,18,0.31356961739112194,0.36377152213293507
2,catboost_direct,19,0.28837575940277554,0.33366485689746833
2,catboost_direct,20,0.33384104362054373,0.365694211171626
2,catboost_direct,21,0.3099044571980857,0.34685188150950397
2,catboost_direct,22,0.2956128091350911,0.33757347624955114
2,catboost_direct,23,0.2912442274778232,0.3419344254632454
2,catboost_direct,24,0.3080781803170221,0.35146286919685776
2,catboost_direct,25,0.3019678176900376,0.3409041855340935
2,catboost_direct,26,0.2882749129007517,0.32812864523669594
2,catboost_direct,27,0.2890164390920198,0.3295417240056589
2,catboost_direct,28,0.3084532766044594,0.3392062095983436
2,catboost_direct,29,0.2905885045016167,0.3149856878001052
2,catboost_direct,30,0.29272716925129083,0.3284164202145263
2,catboost_direct,31,0.3122964613119961,0.3354054752736552
2,catboost_direct,32,0.2920415900012607,0.32550976003790505
2,catboost_direct,33,0.2922782610608199,0.3301833798127929
2,catboost_direct,34,0.33347850125276296,0.35869607207756254
2,catboost_direct,35,0.3349638191745863,0.3635691436202401
2,catboost_direct,36,0.3374642110339019,0.373377893478117
2,catboost_direct,37,0.3647881301542465,0.39419228556435
2,catboost_direct,38,0.3695282471136981,0.3930650834557539
2,catboost_direct,39,0.35508727821085395,0.3856276514826466
2,catboost_direct,40,0.33185993966287614,0.37183705770832876
2,catboost_direct,41,0.3395385147596432,0.377660484877659
2,catboost_direct,42,0.31629691900093665,0.36290830059536433
2,catboost_direct,43,0.28830036951605253,0.3349253661614013
2,catboost_direct,44,0.32148076766404327,0.3548714958997556
2,catboost_direct,45,0.2791776362944743,0.32136103425182333
2,catboost_direct,46,0.28971481957677786,0.3313521031992585
2,catboost_direct,47,0.2849213946679389,0.3353555030260308
2,catboost_direct,48,0.30219273127589064,0.34765957077333187
2,catboost_direct_missing,1,0.09917741658822905,0.15464472925967565
2,catboost_direct_missing,2,0.14511092847117857,0.1980415951694151
2,catboost_direct_missing,3,0.19072031891641886,0.2526442719094514
2,catboost_direct_missing,4,0.20434636903969086,0.27264440977987725
2,catboost_direct_missing,5,0.23071092524898765,0.27749473254570656
2,catboost_direct_missing,6,0.24933263607681433,0.3078107279465323
2,catboost_direct_missing,7,0.2910528193549042,0.3342998804957874
2,catboost_direct_missing,8,0.29525785189867426,0.3307330438163623
2,catboost_direct_missing,9,0.27201189994913016,0.3114665376865155
2,catboost_direct_missing,10,0.2977455042591449,0.33187885879359474
2,catboost_direct_missing,11,0.30489515547799934,0.3351216066203347
2,catboost_direct_missing,12,0.3246848006644176,0.3634398082746791
2,catboost_direct_missing,13,0.353171799018183,0.3756350357286396
2,catboost_direct_missing,14,0.36250846520606916,0.3857321955987559
2,catboost_direct_missing,15,0.3469629514413794,0.3779362237741033
2,catboost_direct_missing,16,0.3396160630510909,0.37794753496013006
2,catboost_direct_missing,17,0.33325081859472866,0.37608200678715337
2,catboost_direct_missing,18,0.3154706109648825,0.3629238134088994
2,catboost_direct_missing,19,0.2904826485394864,0.3358322017109897
2,catboost_direct_missing,20,0.346526836258314,0.37868977294223305
2,catboost_direct_missing,21,0.3100013147554449,0.3486305713775201
2,catboost_direct_missing,22,0.30567950720697923,0.34735157279157375
2,catboost_direct_missing,23,0.29177950501083744,0.3425921621462659
2,catboost_direct_missing,24,0.31785822970558525,0.3681821380831004
2,catboost_direct_missing,25,0.2995250121972995,0.3436910909581507
2,catboost_direct_missing,26,0.2990453669785932,0.34563597093950954
2,catboost_direct_missing,27,0.2959096982933863,0.3360415768162347
2,catboost_direct_missing,28,0.3053279459001716,0.337250685066124
2,catboost_direct_missing,29,0.2946806157805918,0.32136772827430854
2,catboost_direct_missing,30,0.29249780953410015,0.32884407276444066
2,catboost_direct_missing,31,0.3149431588737365,0.3353149151344517
2,catboost_direct_missing,32,0.2990645270209933,0.3348985008862359
2,catboost_direct_missing,33,0.2951711131478939,0.33370667906488355
2,catboost_direct_missing,34,0.3410037039683633,0.36720668581626886
2,catboost_direct_missing,35,0.344665534659337,0.3701189288138909
2,catboost_direct_missing,36,0.34607617561176673,0.3787561921108804
2,catboost_direct_missing,37,0.3677992578577865,0.39901434434692434
2,catboost_direct_missing,38,0.3845976663739733,0.4070611186861633
2,catboost_direct_missing,39,0.3469663026210726,0.3777527421607229
2,catboost_direct_missing,40,0.3350661907729151,0.37385592410266943
2,catboost_direct_missing,41,0.3362730766472886,0.37773943523693243
2,catboost_direct_missing,42,0.31877077394875836,0.3649771750218746
2,catboost_direct_missing,43,0.28991285480492623,0.33667686202287284
2,catboost_direct_missing,44,0.3322426650010485,0.3703548145875728
2,catboost_direct_missing,45,0.2846387548698464,0.32994597230229866
2,catboost_direct_missing,46,0.2864964959144059,0.33294298520025817
2,catboost_direct_missing,47,0.28994572215996567,0.34269047389772556
2,catboost_direct_missing,48,0.30673791350368534,0.3516284552453568
2,context_mean,1,0.30243882275132267,0.3565832093249152
2,context_mean,2,0.2905863095238095,0.34035200529645326
2,context_mean,3,0.2776266534391534,0.32657980749930554
2,context_mean,4,0.3039467592592592,0.3454814364259833
2,context_mean,5,0.2837867063492063,0.31912560532084877
2,context_mean,6,0.2946749338624339,0.33646359103375145
2,context_mean,7,0.299557208994709,0.3306985269516813
2,context_mean,8,0.2728607804232803,0.31406232227254155
2,context_mean,9,0.25734887566137565,0.3088501961114235
2,context_mean,10,0.2887529761904762,0.33510786266051823
2,context_mean,11,0.28227414021164016,0.3302469582394735
2,context_mean,12,0.30098247354497354,0.35242170517224497
2,context_mean,13,0.3139203042328042,0.3577145821708653
2,context_mean,14,0.3274765211640211,0.37796699432198433
2,context_mean,15,0.3094077380952381,0.3742858220914392
2,context_mean,16,0.30150231481481476,0.37749930660385234
2,context_mean,17,0.31615244708994705,0.38147055748859227
2,context_mean,18,0.30761078042328044,0.3774546734360763
2,context_mean,19,0.29457175925925927,0.3485520788386668
2,context_mean,20,0.31762797619047617,0.3705138033468069
2,context_mean,21,0.27229001322751323,0.3427648615245051
2,context_mean,22,0.285567791005291,0.3419835591151777
2,context_mean,23,0.27028604497354497,0.34827208435411183
2,context_mean,24,0.3023330026455026,0.35660478105689036
2,context_mean,25,0.3023819444444445,0.3582816162821565
2,context_mean,26,0.2975750661375661,0.3465737596627045
2,context_mean,27,0.28169742063492065,0.32911655748197766
2,context_mean,28,0.2997576058201058,0.33804664572725396
2,context_mean,29,0.27737599206349206,0.30973894906155147
2,context_mean,30,0.28799239417989414,0.3262465006340814
2,context_mean,31,0.29162400793650795,0.3208554621456242
2,context_mean,32,0.27049768518518513,0.305731998242212
2,context_mean,33,0.26038657407407406,0.30504231619532857
2,context_mean,34,0.2927748015873016,0.33644892191769843
2,context_mean,35,0.29673445767195766,0.3451648461518311
2,context_mean,36,0.3075056216931217,0.36080599757834636
2,context_mean,37,0.3145863095238095,0.36019199127423707
2,context_mean,38,0.3237536375661375,0.37836297472113795
2,context_mean,39,0.30652414021164015,0.36974364908224433
2,context_mean,40,0.30167361111111113,0.3726532923052348
2,context_mean,41,0.31988128306878305,0.38057086353821146
2,context_mean,42,0.30544411375661373,0.37129593948578155
2,context_mean,43,0.28829001322751324,0.34269899706401546
2,context_mean,44,0.31647189153439154,0.3715892006316543
2,context_mean,45,0.25741435185185185,0.3330181331631806
2,context_mean,46,0.2825823412698413,0.33669169498822454
2,context_mean,47,0.2667662037037037,0.34529069282766467
2,context_mean,48,0.28896990740740747,0.347068602634063
2,persistence,1,0.10238888888888888,0.16525597428546127
2,persistence,2,0.13233333333333333,0.202056556072432
2,persistence,3,0.16333333333333339,0.25891010881084664
2,persistence,4,0.1801111111111111,0.29654117195874613
2,persistence,5,0.219,0.33552308525754343
2,persistence,6,0.2393888888888889,0.38416347311278054
2,persistence,7,0.2743333333333334,0.4221457533092534
2,persistence,8,0.2816666666666666,0.4227325132726104
2,persistence,9,0.26483333333333337,0.38422926701336746
2,persistence,10,0.2614444444444445,0.3865804501581067
2,persistence,11,0.2776111111111111,0.40716874743635334
2,persistence,12,0.31738888888888883,0.46081720888005046
2,persistence,13,0.3418888888888889,0.4732713183161861
2,persistence,14,0.38505555555555565,0.518547562017289
2,persistence,15,0.38233333333333336,0.5171166499249755
2,persistence,16,0.3877777777777778,0.5162998698000567
2,persistence,17,0.36761111111111106,0.5034625477997713
2,persistence,18,0.3756666666666667,0.5079993438315973
2,persistence,19,0.38566666666666666,0.5069354184889022
2,persistence,20,0.40800000000000003,0.5300545045349372
2,persistence,21,0.4218333333333334,0.5435884711120408
2,persistence,22,0.40544444444444444,0.5362667592132082
2,persistence,23,0.39894444444444443,0.526223002298596
2,persistence,24,0.4173888888888889,0.5254614374264035
2,persistence,25,0.4192222222222222,0.5419872555560558
2,persistence,26,0.4136666666666666,0.5372688133306992
2,persistence,27,0.3968888888888889,0.5106734841436428
2,persistence,28,0.39783333333333337,0.5032419895040556
2,persistence,29,0.3724999999999999,0.5012470559625374
2,persistence,30,0.3674444444444444,0.4916224085541592
2,persistence,31,0.3618888888888889,0.49081300655892096
2,persistence,32,0.34433333333333327,0.462777844471117
2,persistence,33,0.3514444444444444,0.4558573526070694
2,persistence,34,0.3587777777777778,0.46433843819479903
2,persistence,35,0.32866666666666666,0.4382006558813152
2,persistence,36,0.28922222222222227,0.4062443161995555
2,persistence,37,0.31261111111111106,0.42672992152639816
2,persistence,38,0.32422222222222224,0.44624669310944043
2,persistence,39,0.3207222222222222,0.4355136388560404
2,persistence,40,0.3363888888888889,0.44270559149477745
2,persistence,41,0.33405555555555555,0.44219161675220153
2,persistence,42,0.3458333333333332,0.4459842423723561
2,persistence,43,0.34405555555555556,0.4259945878633775
2,persistence,44,0.31705555555555553,0.41125856965066526
2,persistence,45,0.3593333333333332,0.44584086182636296
2,persistence,46,0.38383333333333336,0.4816286990033959
2,persistence,47,0.37427777777777776,0.4794291551572712
2,persistence,48,0.37444444444444436,0.47870620387627066
2,sarimax,1,0.10667683923224731,0.15615621756521542
2,sarimax,2,0.1369364011285213,0.18020180172506417
2,sarimax,3,0.17610444416922533,0.22446474278778228
2,sarimax,4,0.198085872779188,0.2624164201194174
2,sarimax,5,0.2142745052556248,0.27683681192290355
2,sarimax,6,0.25302729887292275,0.31654117811748383
2,sarimax,7,0.28029582366618194,0.3384213078484972
2,sarimax,8,0.2824062913680411,0.33303675333563926
2,sarimax,9,0.2700335309851732,0.3085613644502622
2,sarimax,10,0.29472837613472574,0.326720913245726
2,sarimax,11,0.31178169414584717,0.3425270201466908
2,sarimax,12,0.33170788075902585,0.3748134509325934
2,sarimax,13,0.35636039410934833,0.3808484706834313
2,sarimax,14,0.36742543070835904,0.39443428297519517
2,sarimax,15,0.3612259949142112,0.38818481346345696
2,sarimax,16,0.3549296555064715,0.38597288195794704
2,sarimax,17,0.34345858173598987,0.3807049872110504
2,sarimax,18,0.3182127992943023,0.3690456666722
2,sarimax,19,0.29033050945237426,0.3414270319139534
2,sarimax,20,0.33193550758673396,0.3675367388686736
2,sarimax,21,0.30765261720809006,0.34569613819728434
2,sarimax,22,0.29780679358765977,0.3427199151927434
2,sarimax,23,0.3066404338237699,0.3488796301075926
2,sarimax,24,0.3219378698807909,0.3608749608187688
2,sarimax,25,0.3063441170352294,0.34415723806355647
2,sarimax,26,0.295542770775879,0.33149585750577065
2,sarimax,27,0.2857311959299859,0.3232723250889616
2,sarimax,28,0.30024858098546375,0.33072398336422487
2,sarimax,29,0.28955426129195383,0.31324851643892515
2,sarimax,30,0.29804180104720973,0.3322289981519014
2,sarimax,31,0.3195385489502957,0.33998965376039714
2,sarimax,32,0.30306350515904135,0.33685753633741833
2,sarimax,33,0.29759738878105085,0.33551470316870596
2,sarimax,34,0.3392384211693049,0.36128863173546727
2,sarimax,35,0.35625330559066803,0.37694762439912766
2,sarimax,36,0.3589780810090945,0.3894815481128839
2,sarimax,37,0.36856825789088965,0.39018982114437784
2,sarimax,38,0.37452573654496535,0.39314845538692955
2,sarimax,39,0.3600597637948982,0.38176243667778764
2,sarimax,40,0.3544786219623836,0.3804114798886248
2,sarimax,41,0.3506349478689985,0.38056238571414275
2,sarimax,42,0.32166603034167723,0.3639724266095516
2,sarimax,43,0.2824473524338717,0.33246299806436963
2,sarimax,44,0.3269641951087995,0.3612306505672503
2,sarimax,45,0.289366727450113,0.3286835763181009
2,sarimax,46,0.29334194926336626,0.3355556109836664
2,sarimax,47,0.3034128673612514,0.34406632765607853
2,sarimax,48,0.3147967005798493,0.3517132794965905
2,sarimax_direct_missing,1,0.10670435502516835,0.15612439094520722
2,sarimax_direct_missing,2,0.13695802547629776,0.18012743590304034
2,sarimax_direct_missing,3,0.17616556187935453,0.22434786109575983
2,sarimax_direct_missing,4,0.19825707890942368,0.2623594161758655
2,sarimax_direct_missing,5,0.21425875347954598,0.2766764114453533
2,sarimax_direct_missing,6,0.2532024310206335,0.31638300166712774
2,sarimax_direct_missing,7,0.2804417819179058,0.3382277015040163
2,sarimax_direct_missing,8,0.28249185766141544,0.3328908256105117
2,sarimax_direct_missing,9,0.27020255215568695,0.30857534848313856
2,sarimax_direct_missing,10,0.2950642680653736,0.32685117407126396
2,sarimax_direct_missing,11,0.3120518267011421,0.3426435011128154
2,sarimax_direct_missing,12,0.331882301127809,0.3748251231376813
2,sarimax_direct_missing,13,0.35643279062136063,0.3808012631808974
2,sarimax_direct_missing,14,0.36740651886650816,0.39428471895099315
2,sarimax_direct_missing,15,0.3611311185805977,0.38801541289573704
2,sarimax_direct_missing,16,0.3547546107459712,0.3857735984113696
2,sarimax_direct_missing,17,0.34339596822049506,0.3805354417775694
2,sarimax_direct_missing,18,0.31817850124860997,0.36883951700480283
2,sarimax_direct_missing,19,0.2901515023919657,0.3411236551335991
2,sarimax_direct_missing,20,0.331746881517245,0.36726868418133995
2,sarimax_direct_missing,21,0.3073194145720394,0.34533411792170615
2,sarimax_direct_missing,22,0.29734738766373864,0.34229050841456427
2,sarimax_direct_missing,23,0.3059380191907701,0.34850715211369676
2,sarimax_direct_missing,24,0.32133325323201073,0.36054621728049446
2,sarimax_direct_missing,25,0.3057163436152242,0.3437745133806795
2,sarimax_direct_missing,26,0.29493537488239796,0.33104578842223936
2,sarimax_direct_missing,27,0.2852655475424762,0.3228457219838771
2,sarimax_direct_missing,28,0.2999192714552494,0.33043139466580296
2,sarimax_direct_missing,29,0.28913028778172883,0.3127853265824703
2,sarimax_direct_missing,30,0.297649156678308,0.3318714542448994
2,sarimax_direct_missing,31,0.3190675986260384,0.33954110011685157
2,sarimax_direct_missing,32,0.3027252761162239,0.33649565939286114
2,sarimax_direct_missing,33,0.29734440218259794,0.335256924720924
2,sarimax_direct_missing,34,0.3390365540385737,0.3611226906759569
2,sarimax_direct_missing,35,0.3561441105976773,0.3768582457570589
2,sarimax_direct_missing,36,0.35893344245735936,0.38943724106299976
2,sarimax_direct_missing,37,0.3684535539103412,0.3901099490118305
2,sarimax_direct_missing,38,0.3744269426506239,0.3931131314346713
2,sarimax_direct_missing,39,0.3598881683515464,0.38170283336814204
2,sarimax_direct_missing,40,0.3542395875560463,0.3803162655450807
2,sarimax_direct_missing,41,0.3504699464163752,0.38048487541367515
2,sarimax_direct_missing,42,0.32155780597108513,0.36388504439955843
2,sarimax_direct_missing,43,0.28240029046898746,0.33232875907371323
2,sarimax_direct_missing,44,0.32693648953680426,0.36116285642117774
2,sarimax_direct_missing,45,0.2890908254866013,0.32845858310538156
2,sarimax_direct_missing,46,0.2928839545720411,0.33515753481484784
2,sarimax_direct_missing,47,0.3026702861708465,0.3436942956053093
2,sarimax_direct_missing,48,0.31411324564021803,0.35140513596013584
